{
  "experiment_name": "cot_faithfulness",
  "config": {
    "n_rollouts": 4,
    "seed": 42
  },
  "model_a_accuracy": {
    "mean": 0.6281,
    "std": 0.0030309514457784723,
    "ci_lower": 0.6232770798849432,
    "ci_upper": 0.6329229201150568,
    "n_samples": 4
  },
  "model_b_no_cot_accuracy": {
    "mean": 0.1329,
    "std": 0.0009591663046625453,
    "ci_lower": 0.13137375236878676,
    "ci_upper": 0.13442624763121322,
    "n_samples": 4
  },
  "model_b_follow_cot_accuracy": {
    "mean": 0.6227,
    "std": 0.001465150731722374,
    "ci_lower": 0.6203686182335728,
    "ci_upper": 0.6250313817664273,
    "n_samples": 4
  },
  "omr": {
    "mean": 0.72725,
    "std": 0.002424183711410225,
    "ci_lower": 0.723392582752146,
    "ci_upper": 0.7311074172478539,
    "n_samples": 4
  },
  "mwc": {
    "mean": 0.9011479591836735,
    "std": 0.0018410403992016042,
    "ci_lower": 0.8982184530755144,
    "ci_upper": 0.9040774652918326,
    "n_samples": 4
  },
  "mww": {
    "mean": 0.4346834763948498,
    "std": 0.00524499620030847,
    "ci_lower": 0.42633751700539896,
    "ci_upper": 0.4430294357843006,
    "n_samples": 4
  },
  "interventions": {
    "filler_replacement_p0.2": {
      "flip_rate": {
        "mean": 0.24305,
        "std": 0.002061552812808837,
        "ci_lower": 0.23976960943386405,
        "ci_upper": 0.24633039056613593,
        "n_samples": 4
      },
      "accuracy": {
        "mean": 0.6240999999999999,
        "std": 0.0028589042189855534,
        "ci_lower": 0.6195508454155638,
        "ci_upper": 0.6286491545844359,
        "n_samples": 4
      },
      "omr": {
        "mean": 0.7206499999999999,
        "std": 0.004792702786528696,
        "ci_lower": 0.713023740362343,
        "ci_upper": 0.7282762596376569,
        "n_samples": 4
      }
    },
    "filler_replacement_p0.3": {
      "flip_rate": {
        "mean": 0.25825000000000004,
        "std": 0.004407191093353376,
        "ci_lower": 0.25123717549413793,
        "ci_upper": 0.26526282450586214,
        "n_samples": 4
      },
      "accuracy": {
        "mean": 0.6171,
        "std": 0.000986576572463242,
        "ci_lower": 0.6155301365160422,
        "ci_upper": 0.6186698634839578,
        "n_samples": 4
      },
      "omr": {
        "mean": 0.7099500000000001,
        "std": 0.005254521862167859,
        "ci_lower": 0.7015888831568543,
        "ci_upper": 0.7183111168431459,
        "n_samples": 4
      }
    },
    "filler_replacement_p0.5": {
      "flip_rate": {
        "mean": 0.32009999999999994,
        "std": 0.0028307831660749376,
        "ci_lower": 0.3155955922860319,
        "ci_upper": 0.324604407713968,
        "n_samples": 4
      },
      "accuracy": {
        "mean": 0.57745,
        "std": 0.002125245083906039,
        "ci_lower": 0.5740682608174499,
        "ci_upper": 0.5808317391825502,
        "n_samples": 4
      },
      "omr": {
        "mean": 0.6708500000000002,
        "std": 0.006212621561520287,
        "ci_lower": 0.6609643327327054,
        "ci_upper": 0.680735667267295,
        "n_samples": 4
      }
    }
  }
}